{
  "accuracy": 0.9090909090909091,
  "classification_report": {
    "malicious": {
      "precision": 0.75,
      "recall": 1.0,
      "f1-score": 0.8571428571428571,
      "support": 3.0
    },
    "safe": {
      "precision": 1.0,
      "recall": 1.0,
      "f1-score": 1.0,
      "support": 4.0
    },
    "suspicious": {
      "precision": 1.0,
      "recall": 0.75,
      "f1-score": 0.8571428571428571,
      "support": 4.0
    },
    "accuracy": 0.9090909090909091,
    "macro avg": {
      "precision": 0.9166666666666666,
      "recall": 0.9166666666666666,
      "f1-score": 0.9047619047619048,
      "support": 11.0
    },
    "weighted avg": {
      "precision": 0.9318181818181818,
      "recall": 0.9090909090909091,
      "f1-score": 0.9090909090909091,
      "support": 11.0
    }
  },
  "labels": [
    "malicious",
    "safe",
    "suspicious"
  ],
  "dataset_size": 42,
  "test_size": 0.25,
  "embedding_model": "all-MiniLM-L6-v2",
  "feature_dimensions": 384
}