mode,dataset_size,accuracy,precision_macro,recall_macro,f1_macro,safe_recall,suspicious_recall,malicious_recall,false_positive_rate,avg_latency_ms,p50_latency_ms,p95_latency_ms,max_latency_ms
rule-only,90,0.43333333333333335,0.3458646616541354,0.43333333333333335,0.32504288164665524,1.0,0.3,0.0,0.0,0.0029566665842948067,0.0025999979698099196,0.004109998553758486,0.022899999748915434
semantic-only,90,0.5333333333333333,0.6744186046511628,0.5333333333333333,0.4802578565672844,0.9,0.5666666666666667,0.13333333333333333,0.1,16.145596666764405,15.450400000190712,20.216140001866734,74.48270000168122
ml-only,90,0.9111111111111111,0.9244324970131421,0.9111111111111111,0.9101063214889381,1.0,0.9666666666666667,0.7666666666666667,0.0,17.450065555385663,17.35134999762522,23.220784998193267,28.746600000886247
hybrid,90,0.8111111111111111,0.8364950316169829,0.811111111111111,0.8093554579840717,1.0,0.7,0.7333333333333333,0.0,28.005942222080193,25.813800000832998,37.828664999506145,80.96709999881568
