{
  "dataset_path": "C:\\Users\\Habib UR Rehman\\LLMGuard\\data\\firewall\\evaluation_dataset.jsonl",
  "dataset_size": 90,
  "class_distribution": {
    "safe": 30,
    "suspicious": 30,
    "malicious": 30
  },
  "modes": {
    "rule-only": {
      "mode": "rule-only",
      "dataset_size": 90,
      "accuracy": 0.43333333333333335,
      "precision_macro": 0.3458646616541354,
      "recall_macro": 0.43333333333333335,
      "f1_macro": 0.32504288164665524,
      "false_positive_rate": 0.0,
      "avg_latency_ms": 0.0029566665842948067,
      "p50_latency_ms": 0.0025999979698099196,
      "p95_latency_ms": 0.004109998553758486,
      "max_latency_ms": 0.022899999748915434,
      "label_support": {
        "safe": 30,
        "suspicious": 30,
        "malicious": 30
      },
      "classification_report": {
        "safe": {
          "precision": 0.39473684210526316,
          "recall": 1.0,
          "f1-score": 0.5660377358490566,
          "support": 30.0
        },
        "suspicious": {
          "precision": 0.6428571428571429,
          "recall": 0.3,
          "f1-score": 0.4090909090909091,
          "support": 30.0
        },
        "malicious": {
          "precision": 0.0,
          "recall": 0.0,
          "f1-score": 0.0,
          "support": 30.0
        },
        "accuracy": 0.43333333333333335,
        "macro avg": {
          "precision": 0.3458646616541354,
          "recall": 0.43333333333333335,
          "f1-score": 0.32504288164665524,
          "support": 90.0
        },
        "weighted avg": {
          "precision": 0.3458646616541354,
          "recall": 0.43333333333333335,
          "f1-score": 0.32504288164665524,
          "support": 90.0
        }
      },
      "safe_recall": 1.0,
      "suspicious_recall": 0.3,
      "malicious_recall": 0.0,
      "safe_precision": 0.39473684210526316,
      "suspicious_precision": 0.6428571428571429,
      "malicious_precision": 0.0,
      "confusion_matrix": {
        "labels": [
          "safe",
          "suspicious",
          "malicious"
        ],
        "rows": [
          [
            30,
            0,
            0
          ],
          [
            21,
            9,
            0
          ],
          [
            25,
            5,
            0
          ]
        ]
      }
    },
    "semantic-only": {
      "mode": "semantic-only",
      "dataset_size": 90,
      "accuracy": 0.5333333333333333,
      "precision_macro": 0.6744186046511628,
      "recall_macro": 0.5333333333333333,
      "f1_macro": 0.4802578565672844,
      "false_positive_rate": 0.1,
      "avg_latency_ms": 16.145596666764405,
      "p50_latency_ms": 15.450400000190712,
      "p95_latency_ms": 20.216140001866734,
      "max_latency_ms": 74.48270000168122,
      "label_support": {
        "safe": 30,
        "suspicious": 30,
        "malicious": 30
      },
      "classification_report": {
        "safe": {
          "precision": 0.627906976744186,
          "recall": 0.9,
          "f1-score": 0.7397260273972602,
          "support": 30.0
        },
        "suspicious": {
          "precision": 0.3953488372093023,
          "recall": 0.5666666666666667,
          "f1-score": 0.4657534246575342,
          "support": 30.0
        },
        "malicious": {
          "precision": 1.0,
          "recall": 0.13333333333333333,
          "f1-score": 0.23529411764705882,
          "support": 30.0
        },
        "accuracy": 0.5333333333333333,
        "macro avg": {
          "precision": 0.6744186046511628,
          "recall": 0.5333333333333333,
          "f1-score": 0.4802578565672844,
          "support": 90.0
        },
        "weighted avg": {
          "precision": 0.6744186046511628,
          "recall": 0.5333333333333333,
          "f1-score": 0.4802578565672844,
          "support": 90.0
        }
      },
      "safe_recall": 0.9,
      "suspicious_recall": 0.5666666666666667,
      "malicious_recall": 0.13333333333333333,
      "safe_precision": 0.627906976744186,
      "suspicious_precision": 0.3953488372093023,
      "malicious_precision": 1.0,
      "confusion_matrix": {
        "labels": [
          "safe",
          "suspicious",
          "malicious"
        ],
        "rows": [
          [
            27,
            3,
            0
          ],
          [
            13,
            17,
            0
          ],
          [
            3,
            23,
            4
          ]
        ]
      }
    },
    "ml-only": {
      "mode": "ml-only",
      "dataset_size": 90,
      "accuracy": 0.9111111111111111,
      "precision_macro": 0.9244324970131421,
      "recall_macro": 0.9111111111111111,
      "f1_macro": 0.9101063214889381,
      "false_positive_rate": 0.0,
      "avg_latency_ms": 17.450065555385663,
      "p50_latency_ms": 17.35134999762522,
      "p95_latency_ms": 23.220784998193267,
      "max_latency_ms": 28.746600000886247,
      "label_support": {
        "safe": 30,
        "suspicious": 30,
        "malicious": 30
      },
      "classification_report": {
        "safe": {
          "precision": 0.967741935483871,
          "recall": 1.0,
          "f1-score": 0.9836065573770492,
          "support": 30.0
        },
        "suspicious": {
          "precision": 0.8055555555555556,
          "recall": 0.9666666666666667,
          "f1-score": 0.8787878787878788,
          "support": 30.0
        },
        "malicious": {
          "precision": 1.0,
          "recall": 0.7666666666666667,
          "f1-score": 0.8679245283018868,
          "support": 30.0
        },
        "accuracy": 0.9111111111111111,
        "macro avg": {
          "precision": 0.9244324970131421,
          "recall": 0.9111111111111111,
          "f1-score": 0.9101063214889381,
          "support": 90.0
        },
        "weighted avg": {
          "precision": 0.9244324970131422,
          "recall": 0.9111111111111111,
          "f1-score": 0.9101063214889382,
          "support": 90.0
        }
      },
      "safe_recall": 1.0,
      "suspicious_recall": 0.9666666666666667,
      "malicious_recall": 0.7666666666666667,
      "safe_precision": 0.967741935483871,
      "suspicious_precision": 0.8055555555555556,
      "malicious_precision": 1.0,
      "confusion_matrix": {
        "labels": [
          "safe",
          "suspicious",
          "malicious"
        ],
        "rows": [
          [
            30,
            0,
            0
          ],
          [
            1,
            29,
            0
          ],
          [
            0,
            7,
            23
          ]
        ]
      }
    },
    "hybrid": {
      "mode": "hybrid",
      "dataset_size": 90,
      "accuracy": 0.8111111111111111,
      "precision_macro": 0.8364950316169829,
      "recall_macro": 0.811111111111111,
      "f1_macro": 0.8093554579840717,
      "false_positive_rate": 0.0,
      "avg_latency_ms": 28.005942222080193,
      "p50_latency_ms": 25.813800000832998,
      "p95_latency_ms": 37.828664999506145,
      "max_latency_ms": 80.96709999881568,
      "label_support": {
        "safe": 30,
        "suspicious": 30,
        "malicious": 30
      },
      "classification_report": {
        "safe": {
          "precision": 0.7317073170731707,
          "recall": 1.0,
          "f1-score": 0.8450704225352113,
          "support": 30.0
        },
        "suspicious": {
          "precision": 0.7777777777777778,
          "recall": 0.7,
          "f1-score": 0.7368421052631579,
          "support": 30.0
        },
        "malicious": {
          "precision": 1.0,
          "recall": 0.7333333333333333,
          "f1-score": 0.8461538461538461,
          "support": 30.0
        },
        "accuracy": 0.8111111111111111,
        "macro avg": {
          "precision": 0.8364950316169829,
          "recall": 0.811111111111111,
          "f1-score": 0.8093554579840717,
          "support": 90.0
        },
        "weighted avg": {
          "precision": 0.8364950316169828,